{
  "notifications": [
    {
      "title": "Repo: <small>Branch details has been created successfully</small>",
      "subTitle": "Mark Peter 22-06-2022 15:03"
    },
    {
      "title": "Pipelines: <small>Task Group entity has been failed</small>",
      "subTitle": "Edvin Jefferson 22-06-2022 14:00"
    }
  ],
  "getRolePermissions": [
    {
        "permissionid": 3,
        "permissionname": "admin",
        "dissplayname": "admin",
        "read": true,
        "write": true,
        "permissionRoleMappings": []
    },
    {
        "permissionid": 4,
        "permissionname": "sr",
        "dissplayname": "settingreader",
        "read": true,
        "write": false,
        "permissionRoleMappings": []
    },
    {
        "permissionid": 5,
        "permissionname": "sw",
        "dissplayname": "settingwriter",
        "read": false,
        "write": true,
        "permissionRoleMappings": []
    },
    {
        "permissionid": 6,
        "permissionname": "br",
        "dissplayname": "backup reader",
        "read": true,
        "write": false,
        "permissionRoleMappings": []
    },
    {
        "permissionid": 7,
        "permissionname": "bw",
        "dissplayname": "backup writer",
        "read": false,
        "write": false,
        "permissionRoleMappings": []
    }
],
  "comments": [{ "id": 1, "body": "some comment", "postId": 1 }],
  "profile": { "name": "typicode" },
  "popupTitle": [
    { "title": "Repos", "contentElement": ["Branch", "Tags", "Pull Request"] },
    {
      "title": "Pipeline (Classic & YAML)",
      "contentElement": [
        "Variable Groups",
        "Task Group",
        "Release",
        "Pipeline Environments",
        "Deployment group"
      ]
    },
    { "title": "Builds", "contentElement": [""] },
    { "title": "Artifacts Selection", "contentElement": [""] },
    {
      "title": "Work Item",
      "contentElement": [
        "Epics",
        "Feature",
        "User Story",
        "Tasks",
        "Test Suites",
        "Issues",
        "Test Cases",
        "Test Plans",
        "Test Runs",
        "Test Configuration",
        "Shared Steps",
        "Shared Parameters",
        "Code Review Requests",
        "Code Responses",
        "Feedback Requests",
        "Feedback Responses"
      ]
    },
    {
      "title": "Service Connection",
      "contentElement": [""]
    },
    {
      "title": "Deployment Groups",
      "contentElement": [""]
    },
    {
      "title": "WIkIs",
      "contentElement": [""]
    },
    {
      "title": "Dashboards",
      "contentElement": [""]
    },
    {
      "title": "Work item – Queries",
      "contentElement": [""]
    },
    {
      "title": "Commits",
      "contentElement": [""]
    },
    {
      "title": "Shared Queries",
      "contentElement": [""]
    },
    {
      "title": "Plugins/extensions from Market place",
      "contentElement": [""]
    },
    {
      "title": "Boards",
      "contentElement": [""]
    },
    {
      "title": "Permission User & Groups",
      "contentElement": [""]
    }
  ],
  "menuElement": [
    {
      "routerLink": "/Dashboard",
      "icon": "dashboard",
      "title": "Dashboard",
      "submenu": []

    },
    {
      "routerLink": "/Backup",
      "icon": "view_agenda",
      "title": "Backup",
      "submenu": []
    },
    {
      "routerLink": "/Restore",
      "icon": "restore",
      "title": "Restore",
      "submenu": []
    },
    {
      "routerLink": "/Usermanagement",
      "icon": "person",
      "title": "User Management",
      "submenu": []
    },
    {
      "routerLink": ".",
      "icon": "receipt",
      "title": "Reports",
      "submenu": [
        {
          "routerLink": "/ado-vault.backup",
          "icon": "Backup",
          "title": "Backup"
        }
      ]
    },
    {
      "routerLink": ".",
      "icon": "settings",
      "title": "Settings",
      "submenu": [
        {
          "routerLink": ".",
          "icon": "Role",
          "title": "Role"
        },
        {
          "routerLink": ".",
          "icon": "Entity",
          "title": "Entity"
        },
        {
          "routerLink": ".",
          "icon": "Storage",
          "title": "Storage"
        },
        {
          "routerLink": ".",
          "icon": "Integration",
          "title": "Integration"
        },
        {
          "routerLink": ".",
          "icon": "Notification",
          "title": "Notification"
        },
        {
          "routerLink": ".",
          "icon": "Company",
          "title": "Company"
        }
      ]
    }
  ],
  "titleData": [
    {
      "id": 1,
      "status": "Total Tasks",
      "BackupCount": 95,
      "RestoreCount": 82,
      "class": "total"
    },
    {
      "id": 2,
      "status": "Total Successful",
      "BackupCount": 25,
      "RestoreCount": 52,
      "class": "success"
    },
    {
      "id": 1,
      "status": "Total Running",
      "BackupCount": 15,
      "RestoreCount": 82,
      "class": "running"
    },
    {
      "id": 1,
      "status": "Total Failed",
      "BackupCount": 5,
      "RestoreCount": 2,
      "class": "failed"
    }
  ],
  "getBackupDetails": [
    {
      "Entity": "WorK Item <br> <small>UI-Design</small>",
      "Subentity": "Epics",
      "Blob": "-",
      "Initiated At": "22-06-2022 <br> <small class='time'>19:22</small>",
      "Completed At": "22-06-2022 <br> <small class='time'>19:32</small>",
      "Status": "<span class='text-warning'>Running</span>",
      "Action": ""
    },
    {
      "Entity": "Repo <br> <small>ADO-BCP-API</small>",
      "Subentity": "Branch",
      "Blob": "Pltfrm-adobcp/bcp/Repo/22-06-2022/repo1/branch1.zip <strong class='size'>2.3 MB</strong>",
      "Initiated At": "22-06-2022 <br> <small class='time'>15:05</small>",
      "Completed At": "22-06-2022 <br> <small class='time'>15:20</small>",
      "Status": "<span class='text-success'>Successful</span>",
      "Action": ""
    },
    {
      "Entity": "Pipeline <br> <small>Database Pipeline</small>",
      "Subentity": "Task Group",
      "Blob": "Pltfrm-adobcp/bcp/Pipeline/22-06-2022/pipelines/taskgroup.zip",
      "Initiated At": "22-06-2022 <br> <small class='time'>14:00</small>",
      "Completed At": "22-06-2022 <br> <small class='time'>14:10</small>",
      "Status": "<span class='text-danger'>Failed</span>",
      "Action": ""
    }
  ],
  "getRestoreDetails": [
    {
      "Entity": "Restore WorK Item <br> <small>UI-Design</small>",
      "Subentity": "Epics",
      "Initiated At": "22-06-2022 <br> <small class='time'>19:22</small>",
      "Completed At": "22-06-2022 <br> <small class='time'>19:32</small>",
      "Status": "<span class='text-warning'>Running</span>",
      "Action": ""
    },
    {
      "Entity": "Restore Repo <br> <small>ADO-BCP-API</small>",
      "Subentity": "Branch",
      "Initiated At": "22-06-2022 <br> <small class='time'>15:05</small>",
      "Completed At": "22-06-2022 <br> <small class='time'>15:20</small>",
      "Status": "<span class='text-success'>Successful</span>",
      "Action": ""
    },
    {
      "Entity": " Restore Pipeline <br> <small>Database Pipeline</small>",
      "Subentity": "Task Group",
      "Initiated At": "22-06-2022 <br> <small class='time'>14:00</small>",
      "Completed At": "22-06-2022 <br> <small class='time'>14:10</small>",
      "Status": "<span class='text-danger'>Failed</span>",
      "Action": ""
    }
  ],
  "ddlProjectData": [
    {
      "projectid": 1,
      "projectname": "Adovault",
      "organizationname": "clarksons",
      "criticality": "high",
      "isative": 1,
      "entitySettingsDetails": [],
      "entityTransactionDetails": []
    },
    {
      "projectid": 2,
      "projectname": "ODS",
      "organizationname": "clarksons",
      "criticality": "high",
      "isative": 1,
      "entitySettingsDetails": [],
      "entityTransactionDetails": []
    }
  ],
  "ddlPeriodData": [
    {
      "key": "Last 24 Hours",
      "value": "option1"
    },
    {
      "key": "30 Days",
      "value": "option2"
    },
    {
      "key": "60 Days",
      "value": "option3"
    },
    {
      "key": "90 Days",
      "value": "option4"
    },
    {
      "key": "All",
      "value": "option5"
    }
  ],
  "ddlEntityData": [
    {
      "key": "Repo",
      "value": "option1"
    },
    {
      "key": "WIKIs",
      "value": "option2"
    },
    {
      "key": "Work Item",
      "value": "option3"
    },
    {
      "key": "Pipeline(Classic & YAML)",
      "value": "option4"
    },
    {
      "key": "Dashboards",
      "value": "option5"
    }
  ],
  "ddlRepositoryData": [
    {
      "key": "ADO-BCP-API",
      "value": "option1"
    },
    {
      "key": "ADO-BCP-Client",
      "value": "option2"
    },
    {
      "key": "Quarts-Schdeduler-BCP",
      "value": "option3"
    }
  ],
  "ddlRepoSubentityData": [
    {
      "key": "Branch",
      "value": "option1"
    },
    {
      "key": "Tags",
      "value": "option2"
    },
    {
      "key": "Pull Request",
      "value": "option3"
    }
  ],
  "ddlWorkitemSubentityData": [
    {
      "key": "Epics",
      "value": "option1"
    },
    {
      "key": "Feature",
      "value": "option2"
    },
    {
      "key": "User Story",
      "value": "option3"
    },
    {
      "key": "Tasks",
      "value": "option3"
    },
    {
      "key": "Test Suites",
      "value": "option3"
    },
    {
      "key": "Issues",
      "value": "option3"
    },
    {
      "key": "Test Cases",
      "value": "option3"
    },
    {
      "key": "Test Plans",
      "value": "option3"
    }
  ],
  "ddlEveryData": [
    {
      "key": "Daily",
      "value": "option1"
    },
    {
      "key": "Weekly",
      "value": "option2"
    },
    {
      "key": "Monthly",
      "value": "option3"
    }
  ],
  "ddlHourData": [
    
    {
      "key": "01",
      "value": "option1"
    },
    {
      "key": "02",
      "value": "option2"
    },
    {
      "key": "03",
      "value": "option3"
    },
    {
      "key": "04",
      "value": "option4"
    },
    {
      "key": "05",
      "value": "option5"
    },
    {
      "key": "06",
      "value": "option6"
    }
  ],
  "ddlMinuteData": [
    
    {
      "key": "00",
      "value": "option1"
    },
    {
      "key": "05",
      "value": "option2"
    },
    {
      "key": "10",
      "value": "option3"
    },
    {
      "key": "15",
      "value": "option4"
    },
    {
      "key": "20",
      "value": "option5"
    },
    {
      "key": "25",
      "value": "option6"
    }
  ],
  "ddlNoonData": [
    
    {
      "key": "AM",
      "value": "option1"
    },
    {
      "key": "PM",
      "value": "option2"
    }
  ],
  "ddlWeeklyData": [    
    {
      "key": "First Week",
      "value": "option1"
    },
    {
      "key": "Second Week",
      "value": "option2"
    },
    {
      "key": "Third Week",
      "value": "option2"
    },
    {
      "key": "Fourth Week",
      "value": "option2"
    }
  ],
  "labelData": [
    {
      "key": "Entity"
    },
    {
      "key": "Repository"
    }
  ],

  "ddlButtonData": [
    {
      "key": "Ok",
      "value": "option1"
    },
    {
      "key": "Cancel",
      "value": "option2"
    }
  ],
  "restoreDetailsa": [
    {
      "onDemand": [
        {
          "Entity": "Restore WorK Item <br> <small>UI-Design</small>",
          "Subentity": "Epics",
          "Initiated At": "22-06-2022 <br> <small class='time'>19:22</small>",
          "Completed At": "22-06-2022 <br> <small class='time'>19:32</small>",
          "Status": "<span class='text-warning'>Running</span>",
          "Action": ""
        },
        {
          "Entity": "Restore Repo <br> <small>ADO-BCP-API</small>",
          "Subentity": "Branch",
          "Initiated At": "22-06-2022 <br> <small class='time'>15:05</small>",
          "Completed At": "22-06-2022 <br> <small class='time'>15:20</small>",
          "Status": "<span class='text-success'>Successful</span>",
          "Action": ""
        },
        {
          "Entity": " Restore Pipeline <br> <small>Database Pipeline</small>",
          "Subentity": "Task Group",
          "Initiated At": "22-06-2022 <br> <small class='time'>14:00</small>",
          "Completed At": "22-06-2022 <br> <small class='time'>14:10</small>",
          "Status": "<span class='text-danger'>Failed</span>",
          "Action": ""
        }
      ]
    },
    {
      "schedule": [
        {
          "Entity": "Schedule WorK Item <br> <small>UI-Design</small>",
          "Subentity": "Epics",
          "Initiated At": "22-06-2022 <br> <small class='time'>19:22</small>",
          "Completed At": "22-06-2022 <br> <small class='time'>19:32</small>",
          "Status": "<span class='text-warning'>Running</span>",
          "Action": ""
        },
        {
          "Entity": "Schedule Repo <br> <small>ADO-BCP-API</small>",
          "Subentity": "Branch",
          "Initiated At": "22-06-2022 <br> <small class='time'>15:05</small>",
          "Completed At": "22-06-2022 <br> <small class='time'>15:20</small>",
          "Status": "<span class='text-success'>Successful</span>",
          "Action": ""
        },
        {
          "Entity": " Restore Pipeline <br> <small>Database Pipeline</small>",
          "Subentity": "Task Group",
          "Initiated At": "22-06-2022 <br> <small class='time'>14:00</small>",
          "Completed At": "22-06-2022 <br> <small class='time'>14:10</small>",
          "Status": "<span class='text-danger'>Failed</span>",
          "Action": ""
        }
      ]
    }
  ],

  "getondemandBackup": [
    {
      "Entity": "WorK Item- <br> <small>UI-Design</small>",
      "Subentity": "Epics",
      "Initiated At": "22-06-2022 <br> <small class='time'>19:22</small>",
      "Completed At": "22-06-2022 <br> <small class='time'>19:32</small>",
      "Status": "<span class='text-warning'>Running</span>",
      "Action": ""
    },
    {
      "Entity": "Repo <br> <small>ADO-BCP-API</small>",
      "Subentity": "Branch",
      "Initiated At": "22-06-2022 <br> <small class='time'>15:05</small>",
      "Completed At": "22-06-2022 <br> <small class='time'>15:20</small>",
      "Status": "<span class='text-success'>Successful</span>",
      "Action": ""
    },
    {
      "Entity": "Pipeline <br> <small>Database Pipeline</small>",
      "Subentity": "Task Group",
      "Initiated At": "22-06-2022 <br> <small class='time'>14:00</small>",
      "Completed At": "22-06-2022 <br> <small class='time'>14:10</small>",
      "Status": "<span class='text-danger'>Failed</span>",
      "Action": ""
    }
  ],
  "getonScheduleBackup": [
    {
      "Entity": "WorK Item <br> <small>UI-Design</small>",
      "Subentity": "Wikis",
      "Initiated At": "22-06-2022 <br> <small class='time'>19:22</small>",
      "Completed At": "22-06-2022 <br> <small class='time'>19:32</small>",
      "Status": "<span class='text-warning'>Running</span>",
      "Action": ""
    },
    {
      "Entity": "Repo <br> <small>ADO-BCP-API</small>",
      "Subentity": "Branch",
      "Initiated At": "22-06-2022 <br> <small class='time'>15:05</small>",
      "Completed At": "22-06-2022 <br> <small class='time'>15:20</small>",
      "Status": "<span class='text-success'>Successful</span>",
      "Action": ""
    },
    {
      "Entity": "Pipeline <br> <small>Database Pipeline</small>",
      "Subentity": "Task Group",
      "Initiated At": "22-06-2022 <br> <small class='time'>14:00</small>",
      "Completed At": "22-06-2022 <br> <small class='time'>14:10</small>",
      "Status": "<span class='text-danger'>Failed</span>",
      "Action": ""
    }
  ],
  "titleDataProjectCopy": [
    {
      "id": 1,
      "status": "Total Tasks",
      "BackupCount": 89,
      "RestoreCount": 82,
      "class": "total"
    },
    {
      "id": 2,
      "status": "Total Successful",
      "BackupCount": 15,
      "RestoreCount": 52,
      "class": "success"
    },
    {
      "id": 1,
      "status": "Total Running",
      "BackupCount": 85,
      "RestoreCount": 82,
      "class": "running"
    },
    {
      "id": 1,
      "status": "Total Failed",
      "BackupCount": 25,
      "RestoreCount": 2,
      "class": "failed"
    }
  ],
  "titleDataProject2": [
    {
      "id": 1,
      "status": "Total Tasks",
      "BackupCount": 30,
      "RestoreCount": 82,
      "class": "total"
    },
    {
      "id": 2,
      "status": "Total Successful",
      "BackupCount": 40,
      "RestoreCount": 52,
      "class": "success"
    },
    {
      "id": 1,
      "status": "Total Running",
      "BackupCount": 55,
      "RestoreCount": 82,
      "class": "running"
    },
    {
      "id": 1,
      "status": "Total Failed",
      "BackupCount": 85,
      "RestoreCount": 12,
      "class": "failed"
    }
  ],
  "popoverSuccess": [
    { "title": "Entity", 
    "contentElement": [
      {        
        "heading": "Variable Group"
      }

    ] }, 

    { "title": "Transaction Type", 
    "contentElement": [
      {       
        "heading": "On Demand"
      }

    ] },

    { "title": "Backup Details", 
    "contentElement": [
      {       
        "heading": "22-06-2022 2.30"
      }

    ] },
    

    { "title": "Activity Log", 
    "subheading": "Message added in service bus Queue",
    "contentElement": [
      {        
        
        "Service Bus Name": "pltfrmadobcp-df-sbus-dev-we",
        "Method Name": "UploadMessageToServiceBus()",
        "Start Date & Time": "22-06-2022 15:05",
        "End Date & Time ": "22-06-2022 15:10"
      }

    ] },   
    { "title": "Blob Storage", 
    "contentElement": [
      {       
        "heading": "Pltfrm-adobcp/bcp/Repo/22-06-2022/repo1/branch1.zip <b>2.3 MB</b>"
      }

    ] },
    { "title": "Initiated At", 
    "contentElement": [
      {       
        "heading": "22-06-2022 2.30"
      }

    ] },
    { "title": "Initiated By", 
    "contentElement": [
      {       
        "heading": "Mark Peter"
      }

    ] },
    { "title": "Initiator Email", 
    "contentElement": [
      {       
        "heading": "mark.peter@sea.live"
      }

    ] },
    { "title": "Backup Region", 
    "contentElement": [
      {       
        "heading": "West Europe"
      }

    ] },
    { "title": "Container Name", 
    "contentElement": [
      {       
        "heading": "Azurebackup"
      }

    ] },
    { "title": "Storage Container", 
    "contentElement": [
      {       
        "heading": "Azurebackup"
      }

    ] }

  ],

  "popoverRunning": [
    { "title": "Entity", 
    "contentElement": [
      {        
        "heading": "Variable Group"
      }

    ] }, 

    { "title": "Transaction Type", 
    "contentElement": [
      {       
        "heading": "On Demand"
      }

    ] },

    { "title": "Backup Details", 
    "contentElement": [
      {       
        "heading": "22-06-2022 2.30"
      }

    ] },
    

    { "title": "Activity Log", 
    "subheading": "Message added in service bus Queue",
    "contentElement": [
      {        
        
        "Service Bus Name": "pltfrmadobcp-df-sbus-dev-we",
        "Method Name": "UploadMessageToServiceBus()",
        "Start Date & Time": "22-06-2022 15:05",
        "End Date & Time ": "22-06-2022 15:10"
      }

    ] },   
    { "title": "Running Status (%)", 
    "contentElement": [
      {       
        "heading": "45"
      }

    ] },
    
    { "title": "Initiated At", 
    "contentElement": [
      {       
        "heading": "22-06-2022 2.30"
      }

    ] },
    { "title": "Initiated By", 
    "contentElement": [
      {       
        "heading": "Mark Peter"
      }

    ] },
    { "title": "Initiator Email", 
    "contentElement": [
      {       
        "heading": "mark.peter@sea.live"
      }

    ] },
    { "title": "Backup Region", 
    "contentElement": [
      {       
        "heading": "West Europe"
      }

    ] },
    { "title": "Container Name", 
    "contentElement": [
      {       
        "heading": "Azurebackup"
      }

    ] },
    { "title": "Storage Container", 
    "contentElement": [
      {       
        "heading": "Azurebackup"
      }

    ] }

  ],

  "popoverFailed": [
    { "title": "Entity", 
    "contentElement": [
      {        
        "heading": "Variable Group"
      }

    ] }, 

    { "title": "Transaction Type", 
    "contentElement": [
      {       
        "heading": "On Demand"
      }

    ] },

    { "title": "Backup Details", 
    "contentElement": [
      {       
        "heading": "22-06-2022 2.30"
      }

    ] },
    

    { "title": "Activity Log", 
    "subheading": "Message added in service bus Queue",
    "contentElement": [
      {        
        
        "Service Bus Name": "pltfrmadobcp-df-sbus-dev-we",
        "Method Name": "UploadMessageToServiceBus()",
        "Start Date & Time": "22-06-2022 15:05",
        "End Date & Time ": "22-06-2022 15:10"
      }

    ] },   
    { "title": "User IP Address", 
    "contentElement": [
      {       
        "heading": "51.104.26.01"
      }

    ] },
    { "title": "Error Code", 
    "contentElement": [
      {       
        "heading": "404"
      }

    ] },
    { "title": "Type of Error", 
    "contentElement": [
      {       
        "heading": "Not found exception"
      }

    ] },
    { "title": "Error Message", 
    "contentElement": [
      {       
        "heading": "Requested resource cannot be found"
      }
    ] },
    { "title": "Component Name", 
    "contentElement": [
      {       
        "heading": "Service Bus: 22-06-2022 08:50"
      }

    ] },
    { "title": "Detailed Failed Reason", 
    "contentElement": [
      {       
        "heading": "<a>Stack Trace</a>"
      }

    ] },
    
    { "title": "Initiated At", 
    "contentElement": [
      {       
        "heading": "22-06-2022 2.30"
      }

    ] },
    { "title": "Initiated By", 
    "contentElement": [
      {       
        "heading": "Mark Peter"
      }

    ] },
    { "title": "Initiator Email", 
    "contentElement": [
      {       
        "heading": "mark.peter@sea.live"
      }

    ] },
    { "title": "Backup Region", 
    "contentElement": [
      {       
        "heading": "West Europe"
      }

    ] },
    { "title": "Container Name", 
    "contentElement": [
      {       
        "heading": "Azurebackup"
      }

    ] },
    { "title": "Storage Container", 
    "contentElement": [
      {       
        "heading": "Azurebackup"
      }

    ] }
  ]
}
 